{
	"format_version": "1.8.0",
	"animations": {
		"lasergun.open": {
			"loop": "hold_on_last_frame",
			"animation_length": 2.9,
			"loop_delay": 0,
			"bones": {
				"extender": {
					"position": {
						"0.2": [0, 0, 0],
						"1.4": [0, 5, 0]
					}
				},
				"rot": {
					"rotation": {
						"1.3": [0, 0, 0],
						"1.35": [9.81159, 0, 0],
						"1.4": [20.61331, 0, 0],
						"1.45": [31.25301, 0, 0],
						"1.5": [40.94173, 0, 0],
						"1.55": [49.39358, 0, 0],
						"1.6": [56.62296, 0, 0],
						"1.65": [62.76, 0, 0],
						"1.7": [67.95541, 0, 0],
						"1.75": [72.34793, 0, 0],
						"1.8": [76.05379, 0, 0],
						"1.85": [79.17057, 0, 0],
						"1.9": [81.77746, 0, 0],
						"1.95": [83.9381, 0, 0],
						"2.0": [85.70635, 0, 0],
						"2.05": [87.12796, 0, 0],
						"2.1": [88.23813, 0, 0],
						"2.15": [89.0691, 0, 0],
						"2.2": [89.64913, 0, 0],
						"2.25": [90, 0, 0]
					},
					"position": {
						"1.45": [0, 0, 0],
						"2.05": [0, 0, -0.5]
					}
				},
				"lid": {
					"rotation": {
						"0.0": [0, 0, 0],
						"1.0": [-180, 0, 0]
					}
				},
				"gun": {
					"position": {
						"0.45": [0, 0, 0],
						"1.3": [0, 6, 0]
					}
				},
				"tip1": {
					"position": {
						"1.45": [0, 0, 0],
						"2.1": [0, 0, -4]
					}
				},
				"tip2": {
					"position": {
						"1.7": [0, 0, 0],
						"2.55": [0, 0, -5]
					}
				},
				"ring1": {
					"rotation": {
						"2.1": [0, 0, 0],
						"2.85": [0, 0, -270]
					},
					"scale": {
						"2.1": [0.1, 0.1, 0.1],
						"2.85": [1, 1, 1]
					}
				},
				"ring2": {
					"rotation": {
						"2.0": [0, 0, 0],
						"2.85": [0, 0, 180]
					},
					"scale": {
						"2.0": [0.1, 0.1, 0.1],
						"2.85": [1, 1, 1]
					}
				},
				"ring3": {
					"rotation": {
						"1.85": [0, 0, 0],
						"2.85": [0, 0, -90]
					},
					"scale": {
						"1.85": [0.1, 0.1, 0.1],
						"2.85": [1, 1, 1]
					}
				},
				"ext2": {
					"position": {
						"0.4": [0, 0, 0],
						"1.55": [0, 3, 0]
					}
				}
			}
		},
		"lasergun.loop": {
			"loop": true,
			"animation_length": 2,
			"loop_delay": 0,
			"bones": {
				"ring1": {
					"rotation": {
						"0.0": [90, 0, 0],
						"2.0": [90, 1080, 0]
					},
					"position": [0, -17.25, -11.0625]
				},
				"ring2": {
					"rotation": {
						"0.0": [90, 0, 0],
						"2.0": [90, -720, 0]
					},
					"position": [0, -13.75, -14.56125]
				},
				"ring3": {
					"rotation": {
						"0.0": [90, 0, 0],
						"2.0": [90, 360, 0]
					},
					"position": [0, -9.75, -13.59]
				},
				"ext2": {
					"position": [0, 3, 0]
				}
			}
		}
	}
}