{
	"format_version": "1.8.0",
	"animations": {
		"map_scanner.scan": {
			"animation_length": 2.5,
			"bones": {
				"scan2": {
					"position": {
						"0.85": [0, 0, 0],
						"1.65": [0, 0, 14.46875],
						"2.45": [0, 0, 0]
					}
				},
				"scan1": {
					"position": {
						"0.5": [0, 0, 0],
						"0.55": [-0.09668, 0, 0],
						"0.6": [-0.40627, 0, 0],
						"0.65": [-0.95197, 0, 0],
						"0.7": [-1.75161, 0, 0],
						"0.75": [-2.81193, 0, 0],
						"0.8": [-4.11761, 0, 0],
						"0.85": [-5.62021, 0, 0],
						"0.95": [-8.84854, 0, 0],
						"1.0": [-10.35114, 0, 0],
						"1.05": [-11.65682, 0, 0],
						"1.1": [-12.71714, 0, 0],
						"1.15": [-13.51678, 0, 0],
						"1.2": [-14.06248, 0, 0],
						"1.25": [-14.37207, 0, 0],
						"1.3": [-14.46875, 0, 0],
						"1.35": [-14.36779, 0, 0],
						"1.4": [-14.05506, 0, 0],
						"1.45": [-13.50747, 0, 0],
						"1.5": [-12.70728, 0, 0],
						"1.55": [-11.64778, 0, 0],
						"1.6": [-10.34423, 0, 0],
						"1.65": [-8.84478, 0, 0],
						"1.75": [-5.62397, 0, 0],
						"1.8": [-4.12452, 0, 0],
						"1.85": [-2.82097, 0, 0],
						"1.9": [-1.76147, 0, 0],
						"1.95": [-0.96128, 0, 0],
						"2.0": [-0.41369, 0, 0],
						"2.05": [-0.10096, 0, 0],
						"2.1": [0, 0, 0]
					}
				}
			}
		},
		"map_scanner.success": {
			"loop": "hold_on_last_frame",
			"animation_length": 4.25,
			"loop_delay": 0,
			"bones": {
				"map_scanner": {
					"position": {
						"3.5": [0, 0, 0],
						"4.25": [0, -13.2, 0]
					}
				},
				"success": {
					"position": {
						"0.0": [0, 0, 0],
						"0.05": [0, 4, 0]
					}
				},
				"top": {
					"rotation": {
						"1.25": {
							"pre": [0, 0, 0],
							"post": [0, 0, 0],
							"lerp_mode": "catmullrom"
						},
						"2.15": {
							"post": [0, 90, 0],
							"lerp_mode": "catmullrom"
						}
					},
					"position": {
						"2.45": [0, 0, 0],
						"3.1": [0, -6, 0]
					}
				}
			}
		}
	}
}